phone: +7 9065350252 surname: Ложников name: Михаил patronymic: Михайлович,
phone: +7 9065350253 surname: Чувиляев name: Сергей patronymic: Валерьевич,
phone: +7 9065513827 surname: Соловьева name: Елена patronymic: Николаевна,
phone: +7 9065356644 surname: Кремешкова name: Ирина patronymic: Валентиновна,
phone: +7 9065391909 surname: Шичкина name: Ольга patronymic: Алексеевна,
phone: +7 9135391910 surname: Мадрахимов name: Бахтияр patronymic: Тургунбаевич,
phone: +7 9135391911 surname: Тарасова name: Елена patronymic: Николаевна,
phone: +7 9135391915 surname: Швецова name: Ольга patronymic: Петровна,
phone: +7 9135391948 surname: Мальцева name: Жанна patronymic: Викторовна,
phone: +7 9135391913 surname: Луговкина name: Елена patronymic: Владимировна,
phone: +7 9135391914 surname: Логинов name: Александр patronymic: Александрович,
phone: +7 9135391919 surname: Старкова name: Елена patronymic: Львовна,
phone: +7 9135391907 surname: Семенов name: Андрей patronymic: Геннадьевич,
phone: +7 9135391925 surname: Волкова name: Ольга patronymic: Валерьевна,
phone: +7 9135391920 surname: Васильева name: Ольга patronymic: Владимировна,
phone: +7 9135391921 surname: Антипина name: Ирина patronymic: Владимировна,
phone: +7 9135391922 surname: Кустова name: Ольга patronymic: Александровна,
phone: +7 9135391924 surname: Капустина name: Ольга patronymic: Викторовна,
phone: +7 9135391908 surname: Веселова name: Ольга patronymic: Владимировна,
phone: +7 9135391927 surname: Максимова name: Ольга patronymic: Вячеславовна,
phone: +7 9135391926 surname: Малышева name: Фаина patronymic: Павловна,
phone: +7 9135391928 surname: Волина name: Ирина patronymic: Александровна,
phone: +7 9135391929 surname: Фролова name: Мария patronymic: Николаевна,
phone: +7 9135391906 surname: Семенова name: Елена patronymic: Валерьевна,
phone: +7 9135391923 surname: Суворова name: Эльвира patronymic: Федоровна,
phone: +7 9135391916 surname: Панкратова name: Ирина patronymic: Владимировна,
phone: +7 9135391918 surname: Смирнова name: Лариса patronymic: Валентиновна,
phone: +7 9135391912 surname: Виноградова name: Наталья patronymic: Васильевна,
phone: +7 9135391917 surname: Сафронова name: Галина patronymic: Анатольевна,
phone: +7 9135391918 surname: Кудрякова name: Ольга patronymic: Владимировна,
phone: +7 9135391930 surname: Кочнева name: Вера patronymic: Николаевна,
phone: +7 9135391933 surname: Кошелева name: Елена patronymic: Владимировна,
phone: +7 9135391932 surname: Белякова name: Ольга patronymic: Анатольевна,
phone: +7 9135391931 surname: Дружинина name: Татьяна patronymic: Александровна,
phone: +7 9135391995 surname: Ипатова name: Катерина patronymic: Андреевна,
phone: +7 9135391935 surname: Григорьева name: Светлана patronymic: Владимировна,
phone: +7 9135391936 surname: Нищёва name: Ольга patronymic: Николаевна,
phone: +7 9135391938 surname: Коростель name: Елена patronymic: Юрьевна,
phone: +7 9135391939 surname: Николаева name: Ирина patronymic: Николаевна,
phone: +7 9135391991 surname: Турова name: Наталия patronymic: Борисовна,
phone: +7 9135391937 surname: Довгань name: Ирина patronymic: Борисовна,
phone: +7 9135391993 surname: Воробьева name: Елена patronymic: Владимировна,
phone: +7 9135391994 surname: Бойкова name: Ольга patronymic: Петровна,
phone: +7 9135391995 surname: Новожилова name: Анна patronymic: Сергеевна,
phone: +7 9135391940 surname: Павлова name: Ольга patronymic: Владимировна,
phone: +7 9135391941 surname: Севина name: Виктория patronymic: Владимировна,
phone: +7 9135391942 surname: Пенушкова name: Надежда patronymic: Львовна,
phone: +7 9135391943 surname: Волкова name: Ольга patronymic: Евгеньевна,
phone: +7 9135391943 surname: Власова name: Анна patronymic: Витальевна,
phone: +7 9135391947 surname: Скрябина name: Наталья patronymic: Дмитриевна,
phone: +7 9135391959 surname: Коваль name: Наталья patronymic: Игоревна,
phone: +7 9135391950 surname: Белоусова name: Татьяна patronymic: Анатольевна,
phone: +7 9135391951 surname: Волкова name: Вера patronymic: Сергеевна,
phone: +7 9135391989 surname: Мишенева name: Елена patronymic: Александровна,
phone: +7 9135391957 surname: Константинова name: Ирина patronymic: Вадимовна,
phone: +7 9135391956 surname: Челябова name: Татьяна patronymic: Сергеевна,
phone: +7 9135391958 surname: Полякова name: Ольга patronymic: Николаевна,
phone: +7 9135391961 surname: Николаев name: Андрей patronymic: Вячеславович,
phone: +7 9135391999 surname: Смирнов name: Андрей patronymic: Николаевич,
phone: +7 9135391967 surname: Кондратьев name: Андрей patronymic: Сергеевич,
phone: +7 9135391963 surname: Цветкова name: Виктория patronymic: Анатольевна,
phone: +7 9135391964 surname: Цветкова name: Елена patronymic: Васильевна,
phone: +7 9135391965 surname: Герасимов name: Василий patronymic: Владимирович,
phone: +7 9135391966 surname: Валеев name: Асхат patronymic: Ахатович,
phone: +7 9135354844 surname: Проневич name: Руслан patronymic: Валерьевич,
phone: +7 9135391962 surname: Корчагин name: Владимир patronymic: Павлович,
phone: +7 9135391998 surname: Кобяков name: Андрей patronymic: Михайлович,
phone: +7 9135391963 surname: Фадеев name: Максим patronymic: Дмитриевич,
phone: +7 9135391990 surname: Гурьянов name: Семен patronymic: Николаевич,
phone: +7 9135391971 surname: Лапин name: Александр patronymic: Викторович,
phone: +7 9135391972 surname: Юрьев name: Антон patronymic: Николаевич,
phone: +7 9135391973 surname: Березин name: Олег patronymic: Викторович,
phone: +7 9135391974 surname: Блувштейн name: Денис patronymic: Вячеславович,
phone: +7 9135391975 surname: Чижов name: Андрей patronymic: Александрович,
phone: +7 9135391970 surname: Соколов name: Вадим patronymic: Владимирович,
phone: +7 9135391976 surname: Кузнецов name: Михаил patronymic: Тимофеевич,
phone: +7 9135391977 surname: Муравьёв name: Александр patronymic: Владимирович,
phone: +7 9135391979 surname: Николаев name: Евгений patronymic: Михайлович,
phone: +7 9135391978 surname: Бобылев name: Алексей patronymic: Васильевич,
phone: +7 9135391981 surname: Маркова name: Елена patronymic: Борисовна,
phone: +7 9135391918 surname: Загвозкина name: Евгения patronymic: Юрьевна,
phone: +7 9135391982 surname: Вершинина name: Любовь patronymic: Александровна,
phone: +7 9135391982 surname: Малинина name: Наталья patronymic: Евгеньевна,
phone: +7 9135391987 surname: Пуговкина name: Анна patronymic: Викторовна,
phone: +7 9135391983 surname: Зинцова name: Светлана patronymic: Олеговна,
phone: +7 9135391984 surname: Калинина name: Надежда patronymic: Николаевна,
phone: +7 9135391985 surname: Красилова name: Елена patronymic: Витальевна,
phone: +7 9135391986 surname: Старжинская name: Екатерина patronymic: Николаевна,
phone: +7 9135625401 surname: Ложников name: Михаил patronymic: Михайлович,
phone: +7 9135625402 surname: Соловьева name: Елена patronymic: Николаевна,
phone: +7 9135625403 surname: Чувиляев name: Сергей patronymic: Валерьевич,
phone: +7 9135625404 surname: Попова name: Гузалия patronymic: Минулловна,
phone: +7 9135625405 surname: Боровикова name: Ольга patronymic: Константиновна,
phone: +7 9135625400 surname: Гусева name: Светлана patronymic: Дмитриевна,
phone: +7 9135625410 surname: Тощакова name: Ольга patronymic: Владимировна,
phone: +7 9135625411 surname: Лукьяненкова name: Елена patronymic: Анатольевна,
phone: +7 9135625412 surname: Новикова name: Екатерина patronymic: Николаевна,
phone: +7 9135625413 surname: Медведева name: Елена patronymic: Петровна,
phone: +7 9135625414 surname: Смирнова name: Светлана patronymic: Владимировна,
phone: +7 9135625415 surname: Гусева name: Наталья patronymic: Львовна,
phone: +7 9135625416 surname: Тихомирова name: Наталья patronymic: Владимировна,
phone: +7 9135625417 surname: Салова name: Светлана patronymic: Ивановна,
phone: +7 9135625418 surname: Исаева name: Ирина patronymic: Евгеньевна,
phone: +7 9135625419 surname: Антонова name: Галина patronymic: Ремовна,
phone: +7 9135625406 surname: Карпова name: Галина patronymic: Валентиновна,
phone: +7 9135625407 surname: Смирнова name: Наталья patronymic: Дмитриевна,
phone: +7 9135625408 surname: Королева name: Галина patronymic: Владимировна,
phone: +7 9135625409 surname: Бахарева name: Ольга patronymic: Дмитриевна,
phone: +7 9135625450 surname: Оськина name: Наталья patronymic: Андреевна,
phone: +7 9135625451 surname: Рыжова name: Татьяна patronymic: Сергеевна,
phone: +7 9135625456 surname: Костенко name: Оксана patronymic: Сергеевна,
phone: +7 9135625458 surname: Кевина name: Людмила patronymic: Васильевна,
phone: +7 9135625459 surname: Ермолаева name: Татьяна patronymic: Юрьевна,
phone: +7 9135625420 surname: Зорина name: Светлана patronymic: Юрьевна,
phone: +7 9135625421 surname: Карпова name: Ирина patronymic: Владимировна,
phone: +7 9135625422 surname: Рыжова name: Мария patronymic: Станиславовна,
phone: +7 9135625423 surname: Антонова name: Светлана patronymic: Аюповна,
phone: +7 9135625424 surname: Решетникова name: Юлия patronymic: Вячеславовна,
phone: +7 9135625425 surname: Алифанова name: Наталия patronymic: Владимировна,
phone: +7 9135625426 surname: Дунаев name: Илья patronymic: Владимирович,
phone: +7 9135625430 surname: Бородина name: Ирина patronymic: Борисовна,
phone: +7 9135625431 surname: Мемнонова name: Ольга patronymic: Вячеславовна,
phone: +7 9135625432 surname: Зарубина name: Валентина patronymic: Сергеевна,
phone: +7 9135625433 surname: Горчакова name: Татьяна patronymic: Валерьевна,
phone: +7 9135625434 surname: Девятых name: Елена patronymic: Борисовна,
phone: +7 9135625435 surname: Серова name: Любовь patronymic: Николаевна,
phone: +7 9135625436 surname: Егорова name: Галина patronymic: Александровна,
phone: +7 9135625437 surname: Родионова name: Надежда patronymic: Юрьевна,
phone: +7 9135625440 surname: Батенова name: Наталья patronymic: Михайловна,
phone: +7 9135625441 surname: Белова name: Ольга patronymic: Михайловна,
phone: +7 9135625442 surname: Тютюнова name: Ирина patronymic: Евгеньевна,
phone: +7 9135625443 surname: Суворова name: Марина patronymic: Владимировна,
phone: +7 9135625444 surname: Королькова name: Елена patronymic: Валерьевна,
phone: +7 9135625445 surname: Фролова name: Юлия patronymic: Александровна,
phone: +7 9135625446 surname: Воронова name: Анна patronymic: Николаевна,
phone: +7 9135625447 surname: Зимина name: Анастасия patronymic: Анатольевна,
phone: +7 9135625448 surname: Апалько name: Оксана patronymic: Владимировна,
phone: +7 9135625449 surname: Смирнова name: Ирина patronymic: Александровна,
phone: +7 9135625453 surname: Ляпугин name: Алексей patronymic: Николаевич,
phone: +7 9135625454 surname: Калинин name: Сергей patronymic: Николаевич,
phone: +7 9135625455 surname: Решетова name: Светлана patronymic: Владимировна,
phone: +7 9135625460 surname: Смирнова name: Ирина patronymic: Александровна,
phone: +7 9135625461 surname: Тимонина name: Елена patronymic: Анатольевна,
phone: +7 9135625462 surname: Базанкова name: Марина patronymic: Владимировна,
phone: +7 9135625463 surname: Криволуцкая name: Наталья patronymic: Анатольевна,
phone: +7 9135625464 surname: Федосеева name: Светлана patronymic: Константиновна,
phone: +7 9135625465 surname: Исакова name: Елена patronymic: Васильевна,
phone: +7 9135625466 surname: Соболева name: Татьяна patronymic: Ивановна,
phone: +7 9135625467 surname: Асекритова name: Марина patronymic: Андреевна,
phone: +7 9135625468 surname: Коротаева name: Алла patronymic: Николаевна,
phone: +7 9135625470 surname: Козлов name: Александр patronymic: Анатольевич,
phone: +7 9135625471 surname: Крылов name: Олег patronymic: Витальевич,
phone: +7 9135625472 surname: Малый name: Николай patronymic: Александрович,
phone: +7 9135625473 surname: Киселева name: Ольга patronymic: Борисовна,
phone: +7 9135625474 surname: Лошкина name: Анна patronymic: Викторовна,
phone: +7 9135625475 surname: Тряскина name: Елена patronymic: Борисовна,
phone: +7 9135625476 surname: Синяк name: Борис patronymic: Николаевич,
phone: +7 9135625477 surname: Егорычева name: Нина patronymic: Михайловна,
phone: +7 9135625478 surname: Рогова name: Ирина patronymic: Федоровна,
phone: +7 9135625479 surname: Киселева name: Ксения patronymic: Александровна,
phone: +7 9135625480 surname: Козина name: Ирина patronymic: Владимировна,
phone: +7 9135625481 surname: Розанова name: Марина patronymic: Анатольевна,
phone: +7 9135625482 surname: Тихомирова name: Светлана patronymic: Валентиновна,
phone: +7 9135626482 surname: Лошкина name: Ирина patronymic: Анатольевна,
phone: +7 9135625483 surname: Дмитриева name: Елена patronymic: Владимировна,
phone: +7 9135625484 surname: Шумкова name: Наталья patronymic: Жоржевна,
phone: +7 9135625485 surname: Фролова name: Светлана patronymic: Андреевна,
phone: +7 9135455331 surname: Попова name: Гузалия patronymic: Минулловна,
phone: +7 9135455411 surname: Колотильщикова name: Борис patronymic: Александрович,
phone: +7 9135465411 surname: Сомикова name: Светлана patronymic: Владимировна,
phone: +7 9135473411 surname: Михайловская name: Юлия patronymic: Викторовна,
phone: +7 9135455481 surname: Никитина name: Гамиля patronymic: Хаджимуратовна,
phone: +7 9135455421 surname: Фунтова name: Надежда patronymic: Анатольевна,
phone: +7 9135455381 surname: Соловьева name: Наталья patronymic: Анатольевна,
phone: +7 9135455311 surname: Серова name: Елена patronymic: Николаевна,
phone: +7 9135455481 surname: Шемягина name: Людмила patronymic: Анатольевна,
phone: +7 9135455481 surname: Дружинина name: Ольга patronymic: Николаевна,
phone: +7 9135455431 surname: Золянова name: Надежда patronymic: Олеговна,
phone: +7 9135455431 surname: Никифорова name: Юлия patronymic: Сергеевна,
phone: +7 9135455402 surname: Махова name: Лидия patronymic: Ивановна,
phone: +7 9135642238 surname: Антонюк name: Елена patronymic: Юрьевна,
phone: +7 9135642237 surname: Лукоянова name: Виктория patronymic: Владимировна,
phone: +7 9135642240 surname: Молчанова name: Александр patronymic: Николаевич,
phone: +7 9135642237 surname: Федосеева name: Ольга patronymic: Игоревна,
phone: +7 9135642237 surname: Антонюк name: Евгений patronymic: Валерьевич,
phone: +7 9135625491 surname: Сомикова name: Мария patronymic: Александровна,
phone: +7 9135642239 surname: Горшенин name: Сергей patronymic: Валентинович,
phone: +7 9135642239 surname: Балашов name: Павел patronymic: Александрович,
phone: +79135625492 surname: Палибина name: Наталья patronymic: Николаевна,